-- phpMyAdmin SQL Dump
-- version 5.1.1
-- https://www.phpmyadmin.net/
--
-- Servidor: 127.0.0.1
-- Tiempo de generación: 18-06-2022 a las 04:35:35
-- Versión del servidor: 10.4.21-MariaDB
-- Versión de PHP: 7.3.31

CREATE DATABASE centroescolarbd;
USE centroescolarbd;

SET SQL_MODE = "NO_AUTO_VALUE_ON_ZERO";
START TRANSACTION;
SET time_zone = "+00:00";


/*!40101 SET @OLD_CHARACTER_SET_CLIENT=@@CHARACTER_SET_CLIENT */;
/*!40101 SET @OLD_CHARACTER_SET_RESULTS=@@CHARACTER_SET_RESULTS */;
/*!40101 SET @OLD_COLLATION_CONNECTION=@@COLLATION_CONNECTION */;
/*!40101 SET NAMES utf8mb4 */;

--
-- Base de datos: `centroescolarbd`
--

-- --------------------------------------------------------

--
-- Estructura de tabla para la tabla `alumnos`
--

CREATE TABLE `alumnos` (
  `id` int(11) NOT NULL,
  `num_lista` int(11) NOT NULL,
  `nombres` varchar(45) NOT NULL,
  `apellidos` varchar(45) NOT NULL,
  `genero` char(1) NOT NULL,
  `id_grado` int(11) NOT NULL,
  `id_seccion` int(11) NOT NULL
) ENGINE=InnoDB DEFAULT CHARSET=utf8;

--
-- Volcado de datos para la tabla `alumnos`
--

INSERT INTO `alumnos` (`id`, `num_lista`, `nombres`, `apellidos`, `genero`, `id_grado`, `id_seccion`) VALUES
(3, 2, 'David', 'Salguero Erazo', 'M', 1, 1),
(4, 3, 'Andy Vladimir', 'Salguero', 'M', 1, 1);

-- --------------------------------------------------------

--
-- Estructura de tabla para la tabla `grados`
--

CREATE TABLE `grados` (
  `id` int(11) NOT NULL,
  `nombre` varchar(45) NOT NULL,
  `ciclo` varchar(45) NOT NULL
) ENGINE=InnoDB DEFAULT CHARSET=utf8;

--
-- Volcado de datos para la tabla `grados`
--

INSERT INTO `grados` (`id`, `nombre`, `ciclo`) VALUES
(1, 'Primer Grado', 'I'),
(2, 'Segundo Grado', 'I'),
(3, 'Tercer Grado', 'I');

-- --------------------------------------------------------

--
-- Estructura de tabla para la tabla `materias`
--

CREATE TABLE `materias` (
  `id` int(11) NOT NULL,
  `nombre` varchar(45) NOT NULL,
  `num_evaluaciones` int(11) NOT NULL,
  `id_grado` int(11) NOT NULL
) ENGINE=InnoDB DEFAULT CHARSET=utf8;

--
-- Volcado de datos para la tabla `materias`
--

INSERT INTO `materias` (`id`, `nombre`, `num_evaluaciones`, `id_grado`) VALUES
(1, 'Sociología', 4, 2),
(2, 'Historia', 4, 1),
(3, 'Álgebra y Pensamiento Numérico ', 4, 1),
(4, 'Física General', 4, 2),
(5, 'Filosofía', 4, 3),
(6, 'Fundamentos de Programación Web', 4, 3);

-- --------------------------------------------------------

--
-- Estructura de tabla para la tabla `notas`
--

CREATE TABLE `notas` (
  `id` int(11) NOT NULL,
  `nota` decimal(10,2) DEFAULT NULL,
  `observaciones` varchar(100) DEFAULT NULL,
  `id_alumno` int(11) NOT NULL,
  `id_materia` int(11) NOT NULL
) ENGINE=InnoDB DEFAULT CHARSET=utf8;

--
-- Volcado de datos para la tabla `notas`
--

INSERT INTO `notas` (`id`, `nota`, `observaciones`, `id_alumno`, `id_materia`) VALUES
(216, '10.00', 'Sin observaciones', 3, 1),
(217, '7.00', 'Sin observaciones', 3, 1),
(218, '6.00', 'Sin observaciones', 3, 1),
(219, '8.00', 'Sin observaciones', 3, 1),
(220, '8.00', '', 4, 1),
(221, '9.00', '', 4, 1),
(222, '9.00', '', 4, 1),
(223, '6.00', '', 4, 1);

-- --------------------------------------------------------

--
-- Estructura de tabla para la tabla `secciones`
--

CREATE TABLE `secciones` (
  `id` int(11) NOT NULL,
  `nombre` char(1) NOT NULL
) ENGINE=InnoDB DEFAULT CHARSET=utf8;

--
-- Volcado de datos para la tabla `secciones`
--

INSERT INTO `secciones` (`id`, `nombre`) VALUES
(1, 'A'),
(2, 'B'),
(3, 'C');

-- --------------------------------------------------------

--
-- Estructura de tabla para la tabla `users`
--

CREATE TABLE `users` (
  `id` int(11) NOT NULL,
  `username` varchar(15) NOT NULL,
  `password` varchar(15) NOT NULL,
  `nombre` varchar(60) NOT NULL,
  `rol` varchar(15) NOT NULL
) ENGINE=InnoDB DEFAULT CHARSET=utf8;

--
-- Volcado de datos para la tabla `users`
--

INSERT INTO `users` (`id`, `username`, `password`, `nombre`, `rol`) VALUES
(1, 'admin', 'admin123', 'Lennin', 'Administrador'),
(2, 'profesor', 'profe123', 'Jose', 'Profesor'),
(3, 'Usuario', 'user123', 'Maria', 'Padre');

--
-- Índices para tablas volcadas
--

--
-- Indices de la tabla `alumnos`
--
ALTER TABLE `alumnos`
  ADD PRIMARY KEY (`id`),
  ADD KEY `FK_alumnos_idgrado_idx` (`id_grado`),
  ADD KEY `FK_alumnos_idseccion_idx` (`id_seccion`);

--
-- Indices de la tabla `grados`
--
ALTER TABLE `grados`
  ADD PRIMARY KEY (`id`);

--
-- Indices de la tabla `materias`
--
ALTER TABLE `materias`
  ADD PRIMARY KEY (`id`),
  ADD KEY `FK_id_grado_materias_idx` (`id_grado`);

--
-- Indices de la tabla `notas`
--
ALTER TABLE `notas`
  ADD PRIMARY KEY (`id`),
  ADD KEY `FK_notas_id_alumno_idx` (`id_alumno`),
  ADD KEY `FK_notas_id_materia_idx` (`id_materia`);

--
-- Indices de la tabla `secciones`
--
ALTER TABLE `secciones`
  ADD PRIMARY KEY (`id`);

--
-- Indices de la tabla `users`
--
ALTER TABLE `users`
  ADD PRIMARY KEY (`id`);

--
-- AUTO_INCREMENT de las tablas volcadas
--

--
-- AUTO_INCREMENT de la tabla `alumnos`
--
ALTER TABLE `alumnos`
  MODIFY `id` int(11) NOT NULL AUTO_INCREMENT, AUTO_INCREMENT=6;

--
-- AUTO_INCREMENT de la tabla `grados`
--
ALTER TABLE `grados`
  MODIFY `id` int(11) NOT NULL AUTO_INCREMENT, AUTO_INCREMENT=4;

--
-- AUTO_INCREMENT de la tabla `materias`
--
ALTER TABLE `materias`
  MODIFY `id` int(11) NOT NULL AUTO_INCREMENT, AUTO_INCREMENT=7;

--
-- AUTO_INCREMENT de la tabla `notas`
--
ALTER TABLE `notas`
  MODIFY `id` int(11) NOT NULL AUTO_INCREMENT, AUTO_INCREMENT=224;

--
-- AUTO_INCREMENT de la tabla `secciones`
--
ALTER TABLE `secciones`
  MODIFY `id` int(11) NOT NULL AUTO_INCREMENT, AUTO_INCREMENT=4;

--
-- AUTO_INCREMENT de la tabla `users`
--
ALTER TABLE `users`
  MODIFY `id` int(11) NOT NULL AUTO_INCREMENT, AUTO_INCREMENT=4;

--
-- Restricciones para tablas volcadas
--

--
-- Filtros para la tabla `alumnos`
--
ALTER TABLE `alumnos`
  ADD CONSTRAINT `FK_alumnos_idgrado` FOREIGN KEY (`id_grado`) REFERENCES `grados` (`id`) ON DELETE NO ACTION ON UPDATE NO ACTION,
  ADD CONSTRAINT `FK_alumnos_idseccion` FOREIGN KEY (`id_seccion`) REFERENCES `secciones` (`id`) ON DELETE NO ACTION ON UPDATE NO ACTION;

--
-- Filtros para la tabla `materias`
--
ALTER TABLE `materias`
  ADD CONSTRAINT `FK_id_grado_materias` FOREIGN KEY (`id_grado`) REFERENCES `grados` (`id`) ON DELETE NO ACTION ON UPDATE NO ACTION;

--
-- Filtros para la tabla `notas`
--
ALTER TABLE `notas`
  ADD CONSTRAINT `FK_notas_id_alumno` FOREIGN KEY (`id_alumno`) REFERENCES `alumnos` (`id`) ON DELETE NO ACTION ON UPDATE NO ACTION,
  ADD CONSTRAINT `FK_notas_id_materia` FOREIGN KEY (`id_materia`) REFERENCES `materias` (`id`) ON DELETE NO ACTION ON UPDATE NO ACTION;
COMMIT;

/*!40101 SET CHARACTER_SET_CLIENT=@OLD_CHARACTER_SET_CLIENT */;
/*!40101 SET CHARACTER_SET_RESULTS=@OLD_CHARACTER_SET_RESULTS */;
/*!40101 SET COLLATION_CONNECTION=@OLD_COLLATION_CONNECTION */;
